seq_id,antigenic_x,antigenic_y,cluster,distRoot,branch_length,hydrophobicity,charge,boman,instability,isoelectric_point
BI/15793/68,4.472241036064983,13.392368877298557,HK68,0.031497669544,1.0000005e-6,-0.35701219512195126,3.996253417399502,1.6696341463414635,35.52774390243902,8.530218611744068
BI/16190/68,4.5121866099840275,13.172870968169512,HK68,0.038396606065,1.0000005e-6,-0.37317073170731707,2.9966999015545044,1.701341463414634,36.74420731707317,8.340089015686749
BI/16398/68,4.712129072667692,12.264854028565026,HK68,0.038396606065,1.0000005e-6,-0.37317073170731707,2.9966999015545044,1.701341463414634,36.74420731707317,8.340089015686749
HK/1/68,6.633644763636158,12.065038304908667,HK68,0.0150973879,0.0150973879,-0.3935975609756097,7.058077927175356,1.758780487804878,37.84329268292683,8.95494798631307
BI/808/69,4.255130941859527,12.684636599494834,HK68,0.03143092537,0.01047409395,-0.39878048780487807,3.9966965902542553,1.7723475609756099,35.756097560975604,8.530167454741573
BI/908/69,5.23990833454335,12.426638883171918,HK68,0.034914839807999996,1.0000005e-6,-0.37317073170731707,3.996253417399502,1.695,36.2859756097561,8.530218611744068
BI/17938/69,4.827849414929981,13.237152212876827,HK68,0.034914839807999996,1.0000005e-6,-0.37317073170731707,3.996253417399502,1.695,36.2859756097561,8.530218611744068
BI/93/70,5.455008228702742,12.813461852762634,HK68,0.0419154984885,0.007001658681,-0.39634146341463417,3.996253417399502,1.7295731707317072,37.8844512195122,8.530218611744068
BI/2668/70,5.331583214716977,13.814314605100456,HK68,0.0384067262375,0.003494886431,-0.37225609756097566,3.996253417399502,1.6923170731707318,36.2859756097561,8.530218611744068
BI/6449/71,4.3787566161160845,14.34340630815251,HK68,0.0385490289715,0.007052359428,-0.37103658536585366,3.997582055990306,1.6732621951219513,35.52774390243902,8.53022698183418
BI/21438/71,4.6412217949673105,12.510990861775372,HK68,0.04723861478,0.004342117943,-0.37835365853658537,4.995958383547497,1.6858841463414636,36.70213414634146,8.675451735607313
BI/21801/71,4.632170335181135,12.53028405076742,HK68,0.0456049357465,1.0000005e-6,-0.3771341463414634,5.995511899392491,1.666310975609756,36.31432926829269,8.802743466922973
HK/107/71,4.469206489355495,13.861645516797159,HK68,0.052821875302,0.02833954892,-0.4365853658536586,1.0008447702038865,1.845030487804878,38.20091463414634,7.675430690602366
BI/6022/72,3.677429294465555,12.540409117027773,HK68,0.059814152775999996,0.01421021703,-0.4000000000000001,5.9952201768407365,1.6622256097560977,37.74756097560976,8.795820039787765
BI/21793/72,2.2100862770979304,12.133202132915184,EN72,0.060150771644499994,1.0000005e-6,-0.3978658536585366,2.9955577647844374,1.6904573170731707,36.049085365853664,8.330925865935898
BI/23290/72,1.9886526280946843,12.2546418045904,EN72,0.060149771644,1.0000005e-6,-0.3978658536585366,2.9955577647844374,1.6904573170731707,36.049085365853664,8.330925865935898
BI/23337/72,1.9886526280946843,12.2546418045904,EN72,0.060150771644499994,1.0000005e-6,-0.3978658536585366,2.9955577647844374,1.6904573170731707,36.049085365853664,8.330925865935898
EN/42/72,2.995364471134737,11.912646240166685,EN72,0.056727026592999996,0.003579957744,-0.3823170731707317,2.995114591929684,1.6298475609756098,32.9984756097561,8.330960907615667
BI/552/73,1.6057233649069276,11.583030454752011,EN72,0.0636668744255,0.003518102782,-0.4060975609756098,2.9955577647844374,1.7003353658536586,35.00365853658537,8.330925865935898
BI/748/73,1.7886637867110018,12.429779969882688,EN72,0.063658290322,1.0000005e-6,-0.39512195121951216,2.9955577647844374,1.6982926829268292,36.020121951219515,8.330925865935898
BI/3517/73,2.1244318092194705,12.337570209194618,EN72,0.063658290322,1.0000005e-6,-0.39512195121951216,2.9955577647844374,1.6982926829268292,36.020121951219515,8.330925865935898
PC/1/73,0.7669676343789478,11.97120141710359,EN72,0.07074557545599999,0.003540929964,-0.39847560975609764,3.9951112806294358,1.680640243902439,35.5030487804878,8.519484829415902
BI/5146/74,1.181483261083951,12.950077357129194,EN72,0.0783037860115,0.01498963338,-0.3878048780487805,3.995111280629434,1.6815243902439023,33.800304878048784,8.519484829415902
BI/5930/74,1.9100411297046458,12.345626696632781,EN72,0.0779245208035,1.0000005e-6,-0.4213414634146342,4.994816246777433,1.7095731707317074,36.333231707317076,8.663343093938527
BI/5931/74,1.8422117855385611,11.545652741899142,EN72,0.0779245208035,1.0000005e-6,-0.4213414634146342,4.994816246777433,1.7095731707317074,36.333231707317076,8.663343093938527
BI/7398/74,0.83389111068246,11.758367225441624,EN72,0.081521561134,1.0000005e-6,-0.4051829268292683,4.994816246777433,1.6842073170731706,35.74603658536585,8.663343093938527
BI/9459/74,1.5979804285480719,11.603182739148057,EN72,0.0920327908425,0.01411027004,-0.43201219512195127,5.995104658028935,1.771219512195122,40.83932926829268,8.795671179802333
BI/4273/75,0.4567007111259933,12.999146477971754,EN72,0.0963955740865,0.007167386985,-0.42500000000000004,5.992447380847325,1.748719512195122,33.53689024390244,8.795668759846302
BI/334/75,1.046366163223877,12.209296856315714,EN72,0.0850952384885,1.0000005e-6,-0.4384146341463415,4.994816246777433,1.737621951219512,35.321951219512194,8.663343093938527
BI/1843/75,0.4105749947774262,10.584771790217147,EN72,0.0850952384885,1.0000005e-6,-0.4384146341463415,4.994816246777433,1.737621951219512,35.321951219512194,8.663343093938527
BI/2600/75,0.451450037474058,12.462302422321308,EN72,0.0962440520105,0.007015864909,-0.4268292682926829,3.994225814893385,1.7328353658536586,33.863109756097565,8.519427161913923
BI/2813/75,1.6908981160762524,12.677437018802177,EN72,0.081521561134,1.0000005e-6,-0.4051829268292683,4.994816246777433,1.6842073170731706,35.74603658536585,8.663343093938527
VI/3/75,0.17385371316488918,9.341563879475157,VI75,0.127260999929,0.006801261097,-0.46707317073170734,3.9951224586836833,1.7629878048780487,32.588109756097566,8.504009442724634
BI/5168/76,0.7365519174514503,7.932255636089808,VI75,0.12384229907949999,0.003383560248,-0.47195121951219515,3.9951224586836833,1.7757926829268293,34.62743902439024,8.504009442724634
BI/628/76,-1.617536981210674,7.110821455127386,TX77,0.110925781037,1.0000005e-6,-0.44573170731707323,6.9936674874068645,1.7682317073170732,35.543597560975606,8.884018549607696
BI/1761/76,0.9190302985345076,7.565440712989252,VI75,0.1204627388335,1.0000005e-6,-0.47286585365853656,3.9951224586836833,1.7784756097560976,34.62743902439024,8.504009442724634
BI/2271/76,-1.7070948934926915,7.24716039440551,TX77,0.1144209280965,0.00349614706,-0.45426829268292684,6.9936674874068645,1.780640243902439,35.7204268292683,8.884018549607696
BI/5029/76,1.0343671377640087,7.039702220113373,VI75,0.123854707918,0.003392969085,-0.4634146341463415,4.994675974528678,1.7490243902439022,33.78140243902439,8.651679857188395
BI/5657/76,0.8385289266046443,7.199974866125962,VI75,0.1238383740865,0.003373635252,-0.46524390243902436,3.9951224586836833,1.7651219512195122,34.886280487804875,8.504009442724634
BI/6545/76,0.8317838144706733,7.310164126930118,VI75,0.120463738834,1.0000005e-6,-0.47286585365853656,3.9951224586836833,1.7784756097560976,34.62743902439024,8.504009442724634
AM/1609/77,0.9316045051457915,8.045812565063537,VI75,0.1238435467235,0.003378807889,-0.47195121951219515,3.9951224586836833,1.7757926829268293,34.456402439024394,8.504009442724634
BI/3895/77,0.6717388621380254,7.450260419914825,VI75,0.127305702211,0.006843963378,-0.5003048780487804,4.9951191473834315,1.8389634146341463,34.91524390243902,8.65162336554511
RD/5828/77,1.3860016658036258,8.359511500726542,VI75,0.1273061996085,0.006841460774,-0.4487804878048781,3.994830736131929,1.7146646341463414,34.79786585365854,8.499040925500548
RD/8179/77,0.9523360094456157,7.762961402035036,VI75,0.1306918030045,0.01022706417,-0.4814024390243903,3.9954141812354376,1.8016463414634145,34.44603658536585,8.509054729601568
TE/1/77,-4.2224942719491505,7.756336382523308,TX77,0.128583312842,1.0000005e-6,-0.45365853658536587,6.9949961259976705,1.761981707317073,36.11920731707317,8.884020813665305
BA/1/79,-6.082318396590872,4.310821596607211,BK79,0.1532941718825,1.0000005e-6,-0.4548780487804879,6.99676793744323,1.8145426829268292,40.5609756097561,8.88395042537794
NL/209/80,-3.3889228107001816,5.658091433275079,BK79,0.160191706061,1.0000005e-6,-0.45701219512195124,6.99676793744323,1.8304573170731706,40.68993902439025,8.88395042537794
RD/577/80,-3.455373904070445,5.781697370670473,BK79,0.1567469524035,0.003452780521,-0.45396341463414636,6.99676793744323,1.811859756097561,40.5609756097561,8.88395042537794
LY/2380/81,-3.9697274733285006,4.676703285570022,BK79,0.160191706061,1.0000005e-6,-0.45701219512195124,6.99676793744323,1.8304573170731706,40.68993902439025,8.88395042537794
BI/4791/81,-3.3032180270653613,4.788482123455852,BK79,0.1601907060605,1.0000005e-6,-0.45701219512195124,6.99676793744323,1.8304573170731706,40.68993902439025,8.88395042537794
NL/233/82,-3.729844391010989,5.5451095128646575,BK79,0.170549454635,0.003404995822,-0.4515243902439024,8.996469592290975,1.8267378048780487,40.958231707317076,9.060809416021234
NL/241/82,-3.602882783360351,5.357830956239967,BK79,0.1705627557165,0.003419296904,-0.45213414634146343,7.997056348694734,1.8586280487804878,41.34603658536586,8.989085167411172
AL/4382/82,-4.151814630067407,5.010056535713117,BK79,0.173955131778,0.003425901348,-0.4707317073170732,6.087680339652569,1.8241463414634145,39.80823170731707,8.775834761674052
BI/10684/82,-3.646519492861227,5.286415084313296,BK79,0.1739761643345,0.003447933905,-0.4731707317073171,6.997618351661543,1.8653658536585367,38.951524390243904,8.891298522473706
PH/2/82,-5.65771188932394,4.354405464416918,BK79,0.1774928191535,0.01034736034,-0.45701219512195124,8.996318141987977,1.8343902439024389,38.55579268292683,9.06961733710531
OS/13676/83,-4.186501791782848,4.79933900083985,BK79,0.173946122762,0.003416892332,-0.49054878048780487,6.99676793744323,1.878262195121951,38.6280487804878,8.88395042537794
CE/1/84,-1.8628452745855257,4.505074914130329,BK79,0.18432909303949999,0.01027788667,-0.4432926829268293,11.992252123101533,1.7835670731707316,38.738414634146345,9.256467505087333
NL/330/85,-2.5509295707108954,4.576117956834351,BK79,0.180892155622,0.003430983956,-0.4378048780487805,9.996023108135972,1.7842682926829267,39.6829268292683,9.141894054750882
ST/10/85,-2.5619970463416437,3.792014128202342,BK79,0.1913190442585,0.003456177308,-0.451829268292683,9.996501332508462,1.7990243902439025,41.927439024390246,9.132512663410953
WE/4/85,-3.0547182163027555,3.0988488511051506,BK79,0.1809406155685,1.0000005e-6,-0.4368902439024391,9.99517269391766,1.7846951219512195,39.91280487804878,9.13251169427275
NL/333/85,-1.6428806352339178,4.329846040439669,BK79,0.18428547610749998,0.006825304442,-0.42865853658536585,11.993952951538159,1.7829573170731705,40.37256097560976,9.277494780958191
GF/V728/85,-3.053197666059369,2.304551975927725,BK79,0.1809406155685,1.0000005e-6,-0.4368902439024391,9.99517269391766,1.7846951219512195,39.91280487804878,9.13251169427275
CO/2/86,-2.891451842514654,3.787507447321855,BK79,0.194754192566,0.01035013624,-0.45762195121951216,7.999014661961031,1.860518292682927,40.951829268292684,8.97292716245848
LE/360/86,-5.427050307837407,2.322091341905759,BK79,0.191326378279,0.003462511328,-0.44359756097560976,9.996501332508462,1.7895426829268293,39.77804878048781,9.132512663410953
SI/2/87,1.0686134970867165,2.726389745368735,SI87,0.20504926462099998,0.003416488516,-0.46128048780487807,12.084746523635445,1.884969512195122,39.90548780487805,9.277271881110295
VI/7/87,-3.1969164420028036,0.17505542997663737,SI87,0.194680716165,1.0000005e-6,-0.46646341463414637,9.08681999153351,1.8660060975609756,40.52896341463415,9.060786672077457
SH/11/87,1.8627628639692686,1.4470642605453556,SI87,0.19808366023899998,0.003402944074,-0.4777439024390244,10.086816680233259,1.9011280487804876,40.52896341463415,9.14172793044185
NL/450/88,-0.17353671419692684,0.977135120569737,SI87,0.20863235884,0.003493051992,-0.45426829268292684,8.178874530512914,1.8434146341463413,39.735060975609755,8.989267743024831
OK/5/88,-3.8790009955204368,-0.10549049909223607,SI87,0.2014520829355,0.003379031623,-0.46189024390243905,9.994765452554098,1.84890243902439,42.50274390243902,9.123305219922434
VI/1/88,-3.8402954892161794,0.6945714392603788,SI87,0.198074051313,1.0000005e-6,-0.45701219512195124,10.086524957681505,1.8424390243902438,40.69634146341463,9.132466137970098
CC/2/88,-4.092917271551177,1.964879122970761,BK79,0.202687519681,0.01482365273,-0.4685975609756098,10.996498021208215,1.8279573170731704,39.28353658536585,9.207177170625238
ST/12/88,-0.6661885686255995,1.5741554712756525,SI87,0.2015935153425,0.003502685977,-0.45121951219512196,9.08681999153351,1.8433231707317073,38.37225609756098,9.060786672077457
EN/427/88,0.15101058751552165,1.6157475784613295,SI87,0.198122400933,0.003452870745,-0.4545731707317073,9.087378683200068,1.817560975609756,38.60213414634146,9.060883389135128
AT/3572DASH5/88,-0.9179150321745946,1.6086767929915546,SI87,0.20146893748949998,0.003378108124,-0.4685975609756098,11.084749834935696,1.8648475609756097,39.09420731707317,9.207218496588753
NL/620/89,0.42469423760403374,0.4191499196271299,SI87,0.20838490621949998,1.0000005e-6,-0.46067073170731704,9.087111714085264,1.8812195121951218,40.818292682926824,9.069487936813507
EN/138/89,-0.027650307445355238,1.1131947132181441,SI87,0.20509077678499998,0.01041006062,-0.46646341463414637,9.08681999153351,1.866189024390244,41.172560975609755,9.060786672077457
EI/3447/89,-0.09283445258885037,0.9575335478832795,SI87,0.215590397538,0.01045109069,-0.46737804878048783,8.271962674231126,1.8585670731707318,38.233841463414635,8.997771104108857
GE/5007/89,-0.18591311954401302,1.1366273590194138,SI87,0.2186759542605,0.006928534921,-0.4707317073170732,10.086956952482009,1.913323170731707,37.582317073170735,9.16123224670769
WK/1/89,0.2597468275184181,0.4075162358722805,SI87,0.2117722821095,1.0000005e-6,-0.4146341463414634,8.085051491388196,1.7437804878048782,40.97896341463415,8.973185253278638
GU/54/89,2.339671679791347,1.3822795500367064,SI87,0.215340595089,0.006960688872,-0.45030487804878055,9.178871219212667,1.8696341463414634,40.72317073170732,9.078613695272178
HK/1/89,-0.375300465901474,1.2162329823294789,SI87,0.21177391491699998,1.0000005e-6,-0.4701219512195122,8.088886836831072,1.9048475609756097,40.79939024390244,8.98090533326296
NL/650/89,1.6112722430285964,1.5838016619192434,SI87,0.2117722821095,1.0000005e-6,-0.46189024390243905,11.08504155748745,1.8773780487804876,40.953048780487805,9.217296891248894
NL/738/89,2.1924032155026967,2.5011124385994727,SI87,0.2151599426635,0.003389660555,-0.46432926829268295,11.08504155748745,1.8670121951219512,40.665853658536584,9.217296891248894
SP/35/89,0.11592321696209651,0.5190121426496203,SI87,0.2083809062175,1.0000005e-6,-0.46067073170731704,9.087111714085264,1.8812195121951218,40.818292682926824,9.069487936813507
SP/40/89,-0.4491264700899837,-0.7106086982086849,SI87,0.208383906219,1.0000005e-6,-0.46067073170731704,9.087111714085264,1.8812195121951218,40.818292682926824,9.069487936813507
WE/5/89,0.7660681919278614,-0.414024501674749,SI87,0.208383906219,1.0000005e-6,-0.46067073170731704,9.087111714085264,1.8812195121951218,40.818292682926824,9.069487936813507
BE/353/89,-4.03924634964404,-1.9606686760946108,BE89,0.2151529448735,1.0000005e-6,-0.4713414634146341,9.08859180297907,1.9015243902439025,40.71158536585366,9.060692052158242
BE/352/89,-0.8024075247990544,-2.8270309599640124,BE89,0.2218658353755,0.006714890503,-0.4695121951219512,10.088296769127066,1.8922865853658535,40.9109756097561,9.1323630015399
AT/211/89,-1.716395524757081,-0.14541209109037845,SI87,0.211773586254,1.0000005e-6,-0.4582317073170732,9.087111714085264,1.8915853658536583,40.90609756097561,9.069487936813507
SP/34/89,0.928208879004655,0.15538074689818532,SI87,0.208383906219,1.0000005e-6,-0.46067073170731704,9.087111714085264,1.8812195121951218,40.818292682926824,9.069487936813507
SP/36/89,1.2136449678497172,0.04199684039909901,SI87,0.2083829062185,1.0000005e-6,-0.46067073170731704,9.087111714085264,1.8812195121951218,40.818292682926824,9.069487936813507
SP/53/89,-0.04784438211405451,0.8670551341647482,SI87,0.21178840190849998,0.003403495689,-0.46067073170731704,10.086665229930258,1.874878048780488,41.79908536585366,9.151383335475161
VI/1/89,1.9683126037386862,4.264152620519865,SI87,0.20163377610549998,1.0000005e-6,-0.4524390243902439,11.084749834935696,1.8394817073170733,40.40487804878049,9.207218496588753
VI/2/90,-2.160257169156651,-2.189875176291682,BE89,0.2218663686985,1.0000005e-6,-0.4621951219512195,9.08859180297907,1.8889634146341465,42.509451219512194,9.060692052158242
WE/3/90,-2.0227487302843787,-2.6451517912166205,BE89,0.2218663686985,1.0000005e-6,-0.4621951219512195,9.08859180297907,1.8889634146341465,42.509451219512194,9.060692052158242
ME/2/90,0.17100752611590697,1.5162092597250032,SI87,0.22206761221,1.0000005e-6,-0.4829268292682927,10.086816680233259,1.9046951219512196,39.885365853658534,9.14172793044185
SU/1/90,-0.38806660381211255,1.1360386610933744,SI87,0.2083829062185,1.0000005e-6,-0.46067073170731704,9.087111714085264,1.8812195121951218,40.818292682926824,9.069487936813507
ME/5/90,-1.9390304480975313,0.7514169246327926,SI87,0.22206761221,1.0000005e-6,-0.4829268292682927,10.086816680233259,1.9046951219512196,39.885365853658534,9.14172793044185
SH/24/90,3.151858045578871,-0.20871287446347297,SI87,0.228763904281,0.006751186013,-0.48323170731707316,9.085783075494458,1.9214634146341463,42.36951219512195,9.069486708060667
LY/1149/91,-1.1712632077755798,-3.7592347215828634,BE89,0.2252531539695,1.0000005e-6,-0.4789634146341463,9.087263164388265,1.9203048780487806,40.12439024390243,9.060690810689042
NL/891/91,-2.3157904561254528,-2.258375507060741,BE89,0.225239992701,1.0000005e-6,-0.4807926829268293,8.089038287134073,1.9309756097560975,39.01310975609756,8.972933619653794
CA/1/91,-1.065146745890386,1.518541428478168,SI87,0.2151647488475,0.003392162594,-0.4658536585365854,9.087111714085264,1.9049390243902438,38.58567073170732,9.069487936813507
EN/260/91,-2.830069808598309,-1.987875641413542,BE89,0.23524803347849998,1.0000005e-6,-0.47164634146341466,8.087709648543267,1.9242378048780486,41.857926829268294,8.972931965160408
EN/261/91,-0.6775618825420484,-3.5700107291929823,BE89,0.231983802761,0.006746818091,-0.47926829268292687,8.090366925724876,1.9259451219512196,40.12469512195122,8.97293527415464
MA/G12/91,-2.8801704230576197,-2.054644974805126,BE89,0.228581119,0.003345126301,-0.47286585365853656,8.089038287134073,1.915091463414634,38.425914634146345,8.972933619653794
NL/816/91,-3.1764926615979157,-2.020019889886135,BE89,0.2252409927015,1.0000005e-6,-0.4807926829268293,8.089038287134073,1.9309756097560975,39.01310975609756,8.972933619653794
GE/5366/91,0.49785521913656133,1.109762957471961,SI87,0.2118163950515,0.003437488835,-0.46067073170731704,10.085336591339452,1.8773475609756096,40.58841463414634,9.15138659867
LY/1182/91,-1.928830957370552,-3.5338599714238166,BE89,0.22525115396849998,1.0000005e-6,-0.4789634146341463,9.087263164388265,1.9203048780487806,40.12439024390243,9.060690810689042
GE/6447/91,-3.3726647119749513,-3.159764690525793,BE89,0.22525415396999998,1.0000005e-6,-0.4789634146341463,9.087263164388265,1.9203048780487806,40.12439024390243,9.060690810689042
LY/1189/91,-2.3189429396789234,-2.6186203285991585,BE89,0.225252153969,1.0000005e-6,-0.4789634146341463,9.087263164388265,1.9203048780487806,40.12439024390243,9.060690810689042
LY/1276/91,-1.5003618367895153,-4.0437775984422455,BE89,0.2252491539675,1.0000005e-6,-0.4789634146341463,9.087263164388265,1.9203048780487806,40.12439024390243,9.060690810689042
LY/1337/91,-2.771519710316102,-2.961854573750929,BE89,0.225248153967,1.0000005e-6,-0.4789634146341463,9.087263164388265,1.9203048780487806,40.12439024390243,9.060690810689042
LY/1373/91,-2.4782192387382556,-2.8074046745678465,BE89,0.2252471539665,1.0000005e-6,-0.4789634146341463,9.087263164388265,1.9203048780487806,40.12439024390243,9.060690810689042
LY/1594/91,-3.4934277227792787,-2.352353007541635,BE89,0.2319392657095,0.006694111744,-0.4640243902439025,9.087263164388265,1.9001524390243902,39.796036585365854,9.060690810689042
LY/23672/91,-3.6179220872476323,-2.853901816529886,BE89,0.22525115396849998,1.0000005e-6,-0.4789634146341463,9.087263164388265,1.9203048780487806,40.12439024390243,9.060690810689042
LY/24103/91,-3.0166257614946974,-2.1728024859729373,BE89,0.2252531539695,1.0000005e-6,-0.4789634146341463,9.087263164388265,1.9203048780487806,40.12439024390243,9.060690810689042
LY/24222/91,-1.496584027383181,-2.8652294888289647,BE89,0.225252153969,1.0000005e-6,-0.4789634146341463,9.087263164388265,1.9203048780487806,40.12439024390243,9.060690810689042
ST/20/91,-3.1179886080149193,-2.297471252540424,BE89,0.2286085792885,1.0000005e-6,-0.4603658536585366,9.08697144183651,1.866219512195122,40.06493902439025,9.052218788602902
VI/33/92,-1.9296765803008686,-1.7530617397907458,BE89,0.238595445022,1.0000005e-6,-0.47987804878048784,8.087709648543267,1.9341158536585366,40.06006097560976,8.972931965160408
AM/4112/92,-2.002955499396493,-2.1067505165188845,BE89,0.2252409927015,1.0000005e-6,-0.4807926829268293,8.089038287134073,1.9309756097560975,39.01310975609756,8.972933619653794
ES/1285/92,-3.2140734391772376,-2.310720856840991,BE89,0.22858454193799999,1.0000005e-6,-0.4810975609756098,7.089484771289076,1.9478658536585365,41.39817073170732,8.876674521389939
FI/220/92,-3.4348688468195743,-3.7862138300584807,BE89,0.2286085792885,1.0000005e-6,-0.4603658536585366,9.08697144183651,1.866219512195122,40.06493902439025,9.052218788602902
MA/G58/92,-1.8476263280802936,-2.966691050870828,BE89,0.2285795270905,0.003344534392,-0.4807926829268293,8.087709648543267,1.9367987804878048,38.425914634146345,8.972931965160408
NI/3129/92,-2.5215176749075887,-2.309237977739707,BE89,0.225239992701,1.0000005e-6,-0.4807926829268293,8.089038287134073,1.9309756097560975,39.01310975609756,8.972933619653794
NL/819/92,-2.0214227466015053,-2.9776868544165307,BE89,0.2419592824255,1.0000005e-6,-0.4698170731707317,8.088746564582319,1.8898475609756098,41.270731707317076,8.965243340956471
NL/935/92,-1.9581248215150424,-1.948944104422896,BE89,0.22858454193799999,1.0000005e-6,-0.4810975609756098,7.089484771289076,1.9478658536585365,41.39817073170732,8.876674521389939
PA/583/92,-3.788966451353458,-2.2037362244970127,BE89,0.2252399846715,1.0000005e-6,-0.47164634146341466,8.089038287134073,1.9184146341463415,41.62804878048781,8.972933619653794
PA/614/92,-3.2410419288612173,-2.4085491697955996,BE89,0.245325402262,0.003367119837,-0.45884146341463417,8.088746564582319,1.8703963414634146,40.8125,8.965243340956471
SA/8/92,-3.947978706645214,-3.1274506675892084,BE89,0.2252471539665,1.0000005e-6,-0.4789634146341463,9.087263164388265,1.9203048780487806,40.12439024390243,9.060690810689042
SA/23/92,-4.213615606496386,-2.3588591360065223,BE89,0.225250153968,1.0000005e-6,-0.4789634146341463,9.087263164388265,1.9203048780487806,40.12439024390243,9.060690810689042
SA/27/92,-3.0779819289482475,-3.83057918519739,BE89,0.2252531539695,1.0000005e-6,-0.4789634146341463,9.087263164388265,1.9203048780487806,40.12439024390243,9.060690810689042
ST/7/92,-4.265596465840073,-1.316024963318493,BE89,0.238595445022,1.0000005e-6,-0.47987804878048784,8.087709648543267,1.9341158536585366,40.06006097560976,8.972931965160408
VI/68/92,-2.037981836802533,-1.7750325009409655,BE89,0.2419375299125,0.003345084892,-0.4807926829268293,8.087709648543267,1.9367987804878048,40.06006097560976,8.972931965160408
PA/467/92,-2.951643514980166,-1.4566985551302434,BE89,0.2285931595545,0.003355174884,-0.47987804878048784,8.089038287134073,1.9282926829268294,41.04085365853659,8.972933619653794
TI/5957/92,-2.290284366064575,-2.3447313148492914,BE89,0.225239992701,1.0000005e-6,-0.4807926829268293,8.089038287134073,1.9309756097560975,39.01310975609756,8.972933619653794
BE/32/92,4.572743328632301,-1.9390819913931843,BE92,0.232652800672,0.003359963364,-0.5085365853658537,10.08415940305165,1.9566768292682926,41.417073170731705,9.141726022106909
FI/247/92,5.655269723220784,-4.32760606942269,BE92,0.23945874279499998,1.0000005e-6,-0.4695121951219512,9.084162714351898,1.8767073170731705,39.96067073170732,9.060780043417898
NL/938/92,3.1736839318766035,-1.5382413898044796,BE92,0.236089851153,0.01013673796,-0.46524390243902436,10.08415940305165,1.8928048780487805,40.14908536585366,9.141726022106909
SE/C273/92,7.011082041370564,-3.4345767843147432,BE92,0.2428421698405,1.0000005e-6,-0.4917682926829269,9.084162714351898,1.9085975609756096,41.300304878048784,9.060780043417898
ST/12/92,4.1710668821686,-3.860188537494885,BE92,0.23945874279499998,1.0000005e-6,-0.4695121951219512,9.084162714351898,1.8767073170731705,39.96067073170732,9.060780043417898
ST/13/92,-2.211781283339798,-1.4223605785055666,BE89,0.2352304730775,1.0000005e-6,-0.47926829268292687,7.087864410146519,1.925121951219512,41.110365853658536,8.869728166901309
UM/1982/92,-1.7773627228103603,-3.509749167284991,BE89,0.2352304730775,1.0000005e-6,-0.47926829268292687,7.087864410146519,1.925121951219512,41.110365853658536,8.869728166901309
UM/2000/92,-2.188462677687218,-2.9194465952399935,BE89,0.2385418681755,0.003313395099,-0.4765243902439025,7.087864410146519,1.9329573170731706,40.52317073170732,8.869728166901309
FI/218/92,-3.3050684050147905,-3.7254895373035937,BE89,0.22525115396849998,1.0000005e-6,-0.4789634146341463,9.087263164388265,1.9203048780487806,40.12439024390243,9.060690810689042
GE/5113/92,-3.911464311385597,-2.168099287493332,BE89,0.225248153967,1.0000005e-6,-0.4789634146341463,9.087263164388265,1.9203048780487806,40.12439024390243,9.060690810689042
HO/56798/92,-3.454261408209663,-2.925708105793186,BE89,0.22859628184449998,0.003351127879,-0.4777439024390244,8.087558198240266,1.923628048780488,40.12439024390243,8.980903693978616
HO/56829/92,-2.0765538154435235,-2.631297794036834,BE89,0.228585832714,0.003341678749,-0.4789634146341463,9.088591802979067,1.9144817073170732,39.17256097560976,9.060692052158242
HO/56941/92,-2.389487138195409,-3.407666492281878,BE89,0.2252531539695,1.0000005e-6,-0.4789634146341463,9.087263164388265,1.9203048780487806,40.12439024390243,9.060690810689042
OV/31/92,-2.0426533138204435,-1.4863314254467963,BE89,0.2252379927,1.0000005e-6,-0.4807926829268293,8.089038287134073,1.9309756097560975,39.01310975609756,8.972933619653794
NI/3126/92,-2.9332844853619533,-2.798538293390475,BE89,0.22525115396849998,1.0000005e-6,-0.4789634146341463,9.087263164388265,1.9203048780487806,40.12439024390243,9.060690810689042
NL/823/92,-2.7530596094859447,-3.1231259182802997,BE89,0.2252491539675,1.0000005e-6,-0.4789634146341463,9.087263164388265,1.9203048780487806,40.12439024390243,9.060690810689042
PA/320/92,-2.805026056885484,-2.4556471462758056,BE89,0.225246153966,1.0000005e-6,-0.4789634146341463,9.087263164388265,1.9203048780487806,40.12439024390243,9.060690810689042
PA/325/92,-2.9824515768872204,-2.518069203341425,BE89,0.22525115396849998,1.0000005e-6,-0.4789634146341463,9.087263164388265,1.9203048780487806,40.12439024390243,9.060690810689042
PA/407/92,-3.828728345387054,-2.3342858132003155,BE89,0.22525415396999998,1.0000005e-6,-0.4789634146341463,9.087263164388265,1.9203048780487806,40.12439024390243,9.060690810689042
PA/417/92,-1.768928573184824,-3.661932291565577,BE89,0.228584232558,0.003342078594,-0.4695121951219512,10.085488041642455,1.8966768292682927,39.33567073170732,9.141726977898664
PA/424/92,-3.15594948363019,-3.1662957554801645,BE89,0.2252531539695,1.0000005e-6,-0.4789634146341463,9.087263164388265,1.9203048780487806,40.12439024390243,9.060690810689042
PA/457/92,-4.217415337486684,-1.1780432504500868,BE89,0.2252531539695,1.0000005e-6,-0.4789634146341463,9.087263164388265,1.9203048780487806,40.12439024390243,9.060690810689042
PA/490/92,-2.5566629243305763,-2.9479678296478244,BE89,0.2285920564925,0.003342902525,-0.4951219512195122,8.089038287134073,1.9465853658536585,40.06707317073171,8.972933619653794
PA/512/92,-4.500015187171668,-2.5525995445255765,BE89,0.225248153967,1.0000005e-6,-0.4789634146341463,9.087263164388265,1.9203048780487806,40.12439024390243,9.060690810689042
PA/548/92,-4.557665327675245,-2.3067774020927576,BE89,0.225250153968,1.0000005e-6,-0.4789634146341463,9.087263164388265,1.9203048780487806,40.12439024390243,9.060690810689042
PA/564/92,-1.9408941585153068,-3.649326449015209,BE89,0.22525415396999998,1.0000005e-6,-0.4789634146341463,9.087263164388265,1.9203048780487806,40.12439024390243,9.060690810689042
PA/597/92,-3.189058926572915,-3.9774151889042697,BE89,0.22525415396999998,1.0000005e-6,-0.4789634146341463,9.087263164388265,1.9203048780487806,40.12439024390243,9.060690810689042
RD/100540/92,-2.2815674340253116,-2.5340775565308364,BE89,0.2319466819985,0.006697528031,-0.4704268292682927,9.087263164388265,1.9078963414634145,39.796036585365854,9.060690810689042
ST/8/92,-2.4830595462954324,-3.4385272320191405,BE89,0.2252471539665,1.0000005e-6,-0.4789634146341463,9.087263164388265,1.9203048780487806,40.12439024390243,9.060690810689042
MA/G102/93,4.110109412953921,-4.4640193268504955,BE92,0.2428370022545,1.0000005e-6,-0.4621951219512195,9.084162714351898,1.869908536585366,39.96067073170732,9.060780043417898
MA/G252/93,1.4276373951072574,-7.9446478283839514,WU95,0.257143378998,0.006684114823,-0.4859756097560976,11.083280924096137,1.8736585365853657,38.41493902439024,9.187850625402685
NL/241/93,4.264580306809132,-5.7945215528525535,BE92,0.2504381420545,1.0000005e-6,-0.45335365853658544,10.083867680499893,1.8542073170731705,38.90945121951219,9.132460014712525
AK/4/93,6.433331743904655,-4.427927301034296,BE92,0.24960695154749998,0.003389983783,-0.4783536585365854,9.084162714351898,1.8753963414634147,40.71890243902439,9.060780043417898
ES/5458/93,-1.3446097714770608,-4.212590833851117,BE89,0.238546611635,0.003319138559,-0.48750000000000004,7.087864410146519,1.9349999999999998,40.52317073170732,8.869728166901309
MA/G101/93,-3.2538547350258575,-1.8921358341029633,BE89,0.241946786123,1.0000005e-6,-0.4878048780487805,8.087709648543267,1.9419512195121953,40.06006097560976,8.972931965160408
MA/G109/93,3.8287246836253144,-5.111088954844061,BE92,0.2504187124435,0.00335459278,-0.4634146341463415,10.083867680499893,1.8709756097560974,39.49664634146341,9.132460014712525
MA/G116/93,-3.3474957988198506,-3.0973738353746687,BE89,0.241946786123,1.0000005e-6,-0.4878048780487805,8.087709648543267,1.9419512195121953,40.06006097560976,8.972931965160408
MA/G122/93,3.935119644324813,-5.611061959290961,BE92,0.25042353773299997,0.003354418067,-0.47195121951219515,10.083867680499893,1.887012195121951,37.176219512195125,9.132460014712525
MA/G130/93,4.881619579420579,-2.7419049260428743,BE92,0.24283600225399998,1.0000005e-6,-0.4621951219512195,9.084162714351898,1.869908536585366,39.96067073170732,9.060780043417898
NL/3/93,2.9799897428222186,-4.080186880000278,BE92,0.2393978023485,1.0000005e-6,-0.4801829268292683,10.084159403051647,1.9312195121951217,41.135975609756095,9.141726022106909
NL/17/93,2.960905012153088,-2.37409676625934,BE92,0.24273557056,0.003338768212,-0.46432926829268295,10.084159403051647,1.9083841463414635,41.135975609756095,9.141726022106909
NL/101/93,4.932188127079334,-2.091839444454437,BE92,0.2428370022545,1.0000005e-6,-0.4621951219512195,9.084162714351898,1.869908536585366,39.96067073170732,9.060780043417898
NL/115/93,4.864178383208768,-2.7968103723463673,BE92,0.2462217414015,1.0000005e-6,-0.426219512195122,8.084166025652149,1.7933841463414635,37.53932926829268,8.973098594799952
NL/126/93,5.257259646173547,-1.9234108645266077,BE92,0.2462217414015,1.0000005e-6,-0.426219512195122,8.084166025652149,1.7933841463414635,37.53932926829268,8.973098594799952
NL/165/93,-4.014790118997839,-3.223367968093729,BE89,0.2419424486155,0.003348003594,-0.4807926829268293,8.087709648543267,1.9367987804878048,40.06006097560976,8.972931965160408
NL/179/93,3.601368007361102,-3.666189205732307,BE92,0.247067119665,1.0000005e-6,-0.46432926829268295,10.083867680499893,1.8736585365853657,39.49664634146341,9.132460014712525
PA/287/93,-2.001036339668247,-3.7706998008757973,BE89,0.23191376543,1.0000005e-6,-0.4810975609756098,7.088156132698273,1.9536890243902438,41.62804878048781,8.87667223821117
SG/6/93,6.523415879498026,-4.735650551838498,BE92,0.24284116983999998,1.0000005e-6,-0.4917682926829269,9.084162714351898,1.9085975609756096,41.300304878048784,9.060780043417898
YA/56/93,6.816795363026511,-4.512664730635036,BE92,0.2462217123695,0.00338154253,-0.47591463414634144,9.084162714351898,1.8857621951219512,41.55914634146342,9.060780043417898
YA/61/93,7.893072984503433,-3.237081676654818,BE92,0.2428421698405,1.0000005e-6,-0.4917682926829269,9.084162714351898,1.9085975609756096,41.300304878048784,9.060780043417898
YA/62/93,7.139064622147395,-4.181725406520776,BE92,0.242839169839,1.0000005e-6,-0.4917682926829269,9.084162714351898,1.9085975609756096,41.300304878048784,9.060780043417898
NL/399/93,0.683026153859871,-6.834726018129173,WU95,0.2530037124905,0.003336232272,-0.4896341463414634,10.992663555738801,1.9096341463414634,38.77957317073171,9.197288096011945
SD/9/93,6.429945634920846,-4.290981534991122,BE92,0.24623594415049999,0.003395774311,-0.48231707317073175,10.083716230196892,1.8791463414634146,40.12591463414634,9.141833547448826
LY/672/93,5.370010644206532,-4.289434541999661,BE92,0.246217967765,1.0000005e-6,-0.4560975609756097,9.084162714351898,1.8435060975609754,40.71890243902439,9.060780043417898
LY/1803/93,5.1433288448521965,-3.527180986004782,BE92,0.259865470894,0.0135568413,-0.47591463414634144,7.994585573333865,1.8719817073170733,42.33262195121951,8.973007188620265
NL/357/93,4.5232585078149,-4.38735097287214,BE92,0.24966848021899998,1.0000005e-6,-0.4884146341463415,9.992958589590803,1.9129573170731708,38.86737804878049,9.132409800222797
NL/371/93,6.113125595371692,-5.363720382117641,BE92,0.260666530054,0.010229388,-0.43871951219512195,9.083870991800143,1.7978048780487803,39.40304878048781,9.052309380130394
NL/372/93,0.939754103655392,-7.625958100521773,WU95,0.257174212021,0.003362298721,-0.4545731707317073,12.083126162492889,1.8445426829268292,37.77621951219512,9.266723855281619
NL/398/93,3.4124711807962425,-5.260392426027387,BE92,0.25044014205549997,1.0000005e-6,-0.45335365853658544,10.083867680499893,1.8542073170731705,38.90945121951219,9.132460014712525
NL/440/93,4.040277195418556,-4.3165809924630265,BE92,0.2463116295955,1.0000005e-6,-0.48719512195121956,7.99502874618862,1.916798780487805,39.483536585365854,8.9729221971907
OS/2219/93,4.3762190763863025,-5.840479700565413,BE92,0.264092387306,0.01365124525,-0.4423780487804878,10.08301726628158,1.8133536585365853,37.735060975609755,9.123358264846718
OS/2352/93,5.478052493296851,-3.3553154151329947,BE92,0.2530817146565,0.006770085061,-0.49298780487804883,7.99502874618862,1.9326829268292682,37.74085365853659,8.9729221971907
ST/20/93,3.650804956424066,-5.789963508140763,BE92,0.2470681196655,1.0000005e-6,-0.46432926829268295,10.083867680499893,1.8736585365853657,39.49664634146341,9.132460014712525
VI/104/93,4.67495038057363,-4.091821401649036,BE92,0.2530773675165,0.006765737921,-0.4859756097560976,4.997545386941435,1.926981707317073,40.09969512195122,8.651395717735761
WE/59/93,5.479842901410657,-5.2538457700035055,BE92,0.257238023508,0.006872715367,-0.4234756097560976,8.08387430310039,1.7541158536585366,39.28567073170731,8.96540380650844
SP/19/93,0.9598869464556925,-7.32898040922043,WU95,0.267793201441,0.0174278933,-0.43567073170731707,10.082574093426828,1.7760365853658535,37.59939024390244,9.123459858082246
LY/1815/93,4.620905451383692,-6.066905868395169,BE92,0.25382463410649997,1.0000005e-6,-0.46097560975609764,10.083867680499893,1.867560975609756,36.58902439024391,9.132460014712525
LY/22686/93,5.295927041963747,-4.889420223962476,BE92,0.257232883349,0.003409249243,-0.4448170731707317,11.08342119634489,1.8354573170731707,36.23170731707317,9.207217735117657
LY/23602/93,3.6074959015234738,-5.668942629535368,BE92,0.253817901772,0.003376759716,-0.4451219512195122,10.083867680499893,1.8443292682926828,40.578353658536585,9.132460014712525
SP/3/93,5.233618157183307,-3.5318350127635263,BE92,0.2428350022535,1.0000005e-6,-0.4621951219512195,9.084162714351898,1.869908536585366,39.96067073170732,9.060780043417898
GD/25/93,6.226599734222504,-5.87338322816817,BE92,0.264032882735,0.01357361856,-0.47957317073170735,8.085646114545952,1.8741768292682928,43.55548780487805,8.965322726307187
SL/142/93,4.5713710928085876,-3.2706802985224437,BE92,0.246269997995,0.003360324162,-0.47591463414634144,8.99296190089105,1.8646036585365855,38.984756097560975,9.052242969888773
SL/160/93,5.627073078050701,-5.775201944915419,BE92,0.250439142055,1.0000005e-6,-0.45335365853658544,10.083867680499893,1.8542073170731705,38.90945121951219,9.132460014712525
HK/1/94,4.040857502886935,-5.813032241382944,BE92,0.2640376499135,1.0000005e-6,-0.46829268292682924,10.08301726628158,1.8533536585365853,36.50243902439024,9.123358264846718
HK/2/94,4.62084037511789,-5.055444701390651,BE92,0.257172939456,0.01010381979,-0.4317073170731707,10.083867680499893,1.8285365853658537,40.988719512195125,9.132460014712525
HK/55/94,3.6258617934937734,-6.366659695180286,BE92,0.2640376499135,1.0000005e-6,-0.46829268292682924,10.08301726628158,1.8533536585365853,36.50243902439024,9.123358264846718
HK/56/94,4.056082186412727,-6.146895629856138,BE92,0.25716725480749997,0.003391108397,-0.4753048780487805,10.174776771408983,1.8977439024390246,37.31097560975609,9.132514404800036
SA/15/94,3.968741965393989,-6.044587816383409,BE92,0.260629145479,1.0000005e-6,-0.4509146341463415,9.08302057758183,1.8257317073170733,38.599085365853654,9.043968965869674
SA/25/94,4.324282366298361,-6.144205824521732,BE92,0.260629145479,1.0000005e-6,-0.4509146341463415,9.08302057758183,1.8257317073170733,38.599085365853654,9.043968965869674
EN/7/94,2.5536673200243385,-8.812536713495073,WU95,0.25718975559,0.00337784229,-0.44664634146341464,11.083572646647891,1.8430487804878048,39.051524390243905,9.197335677193335
JO/33/94,6.920273390035404,-5.86673388754657,BE92,0.26742782733799997,1.0000005e-6,-0.49054878048780487,10.08301726628158,1.8852439024390244,37.84207317073171,9.123358264846718
JO/47/94,6.319621669776626,-4.65926079619199,BE92,0.2777915026615,0.01375785275,-0.4859756097560976,10.08301726628158,1.8628353658536585,34.84603658536585,9.123358264846718
NL/18/94,3.372673771316661,-5.312731572490692,BE92,0.2538229130725,0.003382771017,-0.4524390243902439,10.083867680499893,1.8515243902439023,39.574085365853655,9.132460014712525
NL/1/95,5.254876661695898,-6.118967290680221,BE92,0.274222449506,0.006743938937,-0.48231707317073175,10.081396905139023,1.8534451219512194,35.5265243902439,9.11459823240679
FI/338/95,1.4953163618337264,-7.051831557186839,WU95,0.280906741911,0.0100895584,-0.48445121951219516,8.085797564848953,1.881310975609756,39.50823170731707,8.957733684999633
ST/506/95,2.9254595469550706,-6.1662784070317045,BE92,0.2741774116905,0.003359228179,-0.4923780487804878,10.083575957948138,1.8903353658536584,37.68384146341463,9.123459847462268
GE/A9509/95,1.2380366163744845,-5.693034817928563,WU95,0.2708201835125,1.0000005e-6,-0.48445121951219516,10.083575957948138,1.874451219512195,38.7515243902439,9.123459847462268
HK/32/95,4.423130138741642,-5.9771631119614455,BE92,0.2674548978115,2.000001e-6,-0.48323170731707316,9.083870991800143,1.8777743902439024,38.293292682926825,9.052309380130394
FI/339/95,3.343424492935969,-9.961097884948423,WU95,0.2741638911675,1.0000005e-6,-0.49390243902439024,9.084022442103144,1.9039024390243904,38.46432926829269,9.043973924823597
HK/3/95,3.7900106676005954,-5.47245196471502,BE92,0.27417788328549997,0.003357699773,-0.48445121951219516,11.083129473793136,1.868109756097561,37.70609756097561,9.197443503218063
FI/381/95,3.8860298375967304,-9.860431720284996,WU95,0.27416489116799997,1.0000005e-6,-0.49390243902439024,9.084022442103144,1.9039024390243904,38.46432926829269,9.043973924823597
HK/38/95,3.2031450844852776,-6.04786275446911,BE92,0.2741597634765,0.003339579964,-0.4856707317073171,11.083280924096137,1.8711280487804878,38.7515243902439,9.187850625402685
HK/49/95,2.67899157585718,-8.051099421572658,WU95,0.2708176006515,1.0000005e-6,-0.48445121951219516,10.083575957948138,1.874451219512195,38.205487804878054,9.123459847462268
HK/55/95,1.5714605739656404,-6.456771116119181,WU95,0.2876495901285,0.006723331342,-0.4676829268292683,9.083870991800143,1.860701219512195,39.077134146341464,9.052309380130394
LY/2279/95,1.760970650177088,-6.705458281574074,WU95,0.27416489116799997,1.0000005e-6,-0.49390243902439024,9.084022442103144,1.9039024390243904,38.46432926829269,9.043973924823597
NA/933/95,1.1099223957139817,-6.6798985832797,WU95,0.280939869851,0.003372279504,-0.44298780487804884,10.083424507645137,1.8165853658536586,39.62713414634146,9.13256416110038
NL/271/95,2.5765382126697625,-9.790209803619518,WU95,0.280863421811,0.006700530644,-0.4801829268292683,9.084872856321457,1.8811585365853658,37.74725609756098,9.052310209471154
VI/75/95,3.0680457108557295,-5.6681671136209335,BE92,0.2775064200675,1.0000005e-6,-0.4926829268292683,8.084317475955146,1.9072256097560973,38.552134146341466,8.965321056277016
WU/359/95,0.4671905982260114,-7.149828559045675,WU95,0.28092920366449997,0.003362613318,-0.46432926829268295,9.083870991800143,1.8554878048780488,39.62713414634146,9.052309380130394
BR/8/96,-0.3841536757138191,-6.990983882901269,WU95,0.291047008685,0.0101237499,-0.4625000000000001,7.084320787255397,1.8295121951219513,39.12774390243903,8.869869493993164
GE/3958/96,0.9591811994968409,-7.706310468832157,WU95,0.280925258786,1.0000005e-6,-0.46737804878048783,9.083870991800143,1.858170731707317,39.885975609756095,9.052309380130394
HK/20/96,0.6580030336480327,-7.563765282846751,WU95,0.301069293455,0.01017687258,-0.48262195121951224,9.083870991800143,1.8971646341463415,39.09939024390244,9.052309380130394
HK/42/96,2.594238966357098,-5.52071363492135,BE92,0.284727508099,0.01724899753,-0.4548780487804879,11.08020522749672,1.8571646341463415,37.72469512195122,9.207104086403085
HK/357/96,1.2632028023706923,-7.220857382514424,WU95,0.30445366253399997,0.003352574766,-0.48719512195121956,11.08342119634489,1.9361890243902438,42.8734756097561,9.207217735117657
HK/358/96,-0.1257312445786143,-7.338658502691022,WU95,0.301071773918,0.003323919034,-0.4753048780487805,10.083132785093383,1.84890243902439,39.36829268292683,9.123556647674311
HK/434/96,7.132980499833685,-5.858060332815988,BE92,0.2708175628655,0.003390735528,-0.4893292682926829,10.08301726628158,1.8720121951219513,37.583231707317076,9.123358264846718
NL/91/96,5.1347919527870225,-5.12799412222815,BE92,0.2775064200675,1.0000005e-6,-0.4926829268292683,8.084317475955146,1.9072256097560973,38.552134146341466,8.965321056277016
SP/1/96,0.7026637159948632,-6.90019158875085,WU95,0.2876955436605,0.006769284874,-0.44176829268292683,8.084166025652145,1.82625,40.37957317073171,8.973098594799952
LY/1781/96,0.9484139555757674,-6.964247984850589,WU95,0.29095833847249997,0.006688510213,-0.4600609756097561,8.084317475955146,1.8621036585365853,39.885975609756095,8.965321056277016
HK/1/97,0.31081363931916073,-7.043524555838833,WU95,0.294303271099,0.003338221245,-0.45884146341463417,9.08387099180014,1.8491158536585366,39.228353658536584,9.052309380130394
NE/491/97,-0.33351369772656003,-7.711726566558637,WU95,0.2842718282605,1.0000005e-6,-0.47682926829268296,8.084317475955146,1.8876219512195123,40.14481707317073,8.965321056277016
AU/10/97,-2.8029289884598585,-10.97516436362736,SY97,0.328170702787,1.0000005e-6,-0.4996951219512195,11.175180701472293,1.9403658536585364,43.10609756097561,9.217463200179118
HK/280/97,-0.19737210250212645,-8.082147004442042,WU95,0.297903798075,0.0102857482,-0.4625000000000001,8.17551828941599,1.898841463414634,42.90243902439025,8.973110727900663
NL/300/97,-2.539909368896725,-10.710279601596344,SY97,0.3281817410445,0.003355579127,-0.5051829268292684,12.083417885044643,1.9617073170731705,41.91432926829268,9.277271272264459
SY/5/97,-3.0945607350926236,-11.093766739419882,SY97,0.3382535265765,0.01008382379,-0.48536585365853663,10.17518401277254,1.902560975609756,41.68810975609756,9.141995529077148
JO/10/97,0.16144472914529517,-6.375520704614099,WU95,0.307771307582,0.01348559925,-0.4405487804878049,7.084320787255397,1.8162195121951221,40.50365853658536,8.869869493993164
OS/21/97,0.7324694538224339,-6.875161706298172,WU95,0.29429604524249997,0.003331995389,-0.45975609756097563,8.084317475955146,1.866158536585366,39.68658536585366,8.965321056277016
OS/244/97,0.5656397655647112,-6.889212174924333,WU95,0.297650624249,0.003364915917,-0.47103658536585363,8.084317475955146,1.8707317073170733,38.634756097560974,8.965321056277016
NL/5/98,1.1090991134870714,-6.652680236121091,WU95,0.3011892229055,0.01357017303,-0.47164634146341466,7.084320787255393,1.8467378048780487,36.35579268292683,8.869869493993164
NL/414/98,-1.0266587251408912,-10.728277934159536,SY97,0.328200383778,0.00672819,-0.5103658536585366,11.08342119634489,1.9558841463414633,43.66524390243902,9.207217735117657
NL/462/98,-1.3044766046810894,-10.578737581271987,SY97,0.3382880010365,0.01010511312,-0.4725609756097561,10.084566644415204,1.907469512195122,44.053048780487806,9.151497461001695
NL/427/98,-3.3270198131575794,-10.421449889040346,SY97,0.328183887917,1.0000005e-6,-0.4963414634146342,11.084563333114957,1.965091463414634,43.79420731707317,9.227823995216816
MW/10/99,-3.4710278414345357,-9.56026245993482,SY97,0.3420491274695,0.01382535224,-0.4701219512195122,10.084415194112207,1.8932317073170732,41.71128048780488,9.1614569292858
NL/301/99,-1.8119190912888739,-11.475468950989809,SY97,0.341742373055,1.0000005e-6,-0.49756097560975615,10.085603560454256,1.9248780487804877,43.69420731707317,9.141942700614958
PM/2007/99,-1.761451024893622,-10.704990893895175,SY97,0.35193149086,0.01352469702,-0.4667682926829268,8.085901905606509,1.8677134146341463,41.71006097560975,8.981165228308914
NL/3/00,-0.46129950308751955,-12.74953028054524,SY97,0.3589539027345,0.01055912454,-0.4371951219512195,9.176807685215351,1.8223170731707319,44.05884146341464,9.069758474126298
NL/118/01,-2.0156476106602548,-11.705957132288962,SY97,0.35196079938749997,0.006769596073,-0.4777439024390244,9.085606871754507,1.8328963414634145,39.68170731707317,9.060978079333061
NL/126/01,-0.44600505120719713,-11.551752999519703,SY97,0.3518368789345,0.01009550588,-0.4774390243902439,9.023632155829148,1.851890243902439,45.30487804878049,9.017152173965616
NL/124/01,-0.40001823562797956,-12.004965756165449,SY97,0.3584730587945,0.0100782806,-0.4923780487804878,9.085898594306261,1.9250914634146339,46.00884146341463,9.069685229962369
NL/1/02,0.657364345527248,-12.482903623302983,SY97,0.3485721603695,0.003380957055,-0.4884146341463415,9.085606871754507,1.8658841463414635,42.71341463414634,9.060978079333061
NL/120/02,-1.990064902503545,-11.092653203792066,SY97,0.351912621388,0.003402740226,-0.4820121951219512,10.085603560454256,1.871371951219512,41.27439024390244,9.141942700614958
FU/411/02,-2.7498023993063825,-15.832417378156476,FU02,0.383055833455,1.0000005e-6,-0.5048780487804878,10.993070797102359,1.9354268292682926,44.255182926829264,9.207295535045471
NL/22/03,0.4109733620164615,-15.009104353204613,FU02,0.393170603164,0.01011676971,-0.49664634146341463,11.992775763250354,1.9170121951219512,44.05579268292683,9.266817604318355
NL/213/03,-1.0487811149728037,-13.711896948017971,FU02,0.3897770502995,0.003369322781,-0.5039634146341464,11.992624312947356,1.9264024390243903,43.08079268292683,9.277494170694453
NL/217/03,-1.5839671982475485,-14.934910667152971,FU02,0.3864097275195,1.0000005e-6,-0.5048780487804878,11.992624312947356,1.9290853658536586,43.08079268292683,9.277494170694453
NL/222/03,-0.675789029411523,-14.101058501172162,FU02,0.3864097275195,1.0000005e-6,-0.5048780487804878,11.992624312947356,1.9290853658536586,43.08079268292683,9.277494170694453
FI/170/03,-1.6326622064375993,-14.4260308347961,FU02,0.383055833455,1.0000005e-6,-0.5048780487804878,10.993070797102359,1.9354268292682926,44.255182926829264,9.207295535045471
NL/20/03,-0.7182494597515738,-11.245231844087034,SY97,0.365382853382,0.01687297222,-0.500609756097561,10.177806238436418,1.9503963414634147,44.05823170731708,9.151552221323588
